[{"_id": {"$oid": "617cf9dc8e3c628a2c968d24"}, "index": "0", "language": "JavaScript", "avg_salary": 114864.94013838634, "survey_year": "2021"}, {"_id": {"$oid": "617cf9dc8e3c628a2c968d25"}, "index": "1", "language": "HTML/CSS", "avg_salary": 113497.73098142823, "survey_year": "2021"}, {"_id": {"$oid": "617cf9dc8e3c628a2c968d26"}, "index": "2", "language": "Python", "avg_salary": 124533.7195079086, "survey_year": "2021"}, {"_id": {"$oid": "617cf9dc8e3c628a2c968d27"}, "index": "3", "language": "SQL", "avg_salary": 117631.4810222353, "survey_year": "2021"}, {"_id": {"$oid": "617cf9dc8e3c628a2c968d28"}, "index": "4", "language": "Java", "avg_salary": 115848.8901850362, "survey_year": "2021"}, {"_id": {"$oid": "617cf9dc8e3c628a2c968d29"}, "index": "5", "language": "Node.js", "avg_salary": 123406.11506416104, "survey_year": "2021"}, {"_id": {"$oid": "617cf9dc8e3c628a2c968d2a"}, "index": "6", "language": "TypeScript", "avg_salary": 127429.09154169168, "survey_year": "2021"}, {"_id": {"$oid": "617cf9dc8e3c628a2c968d2b"}, "index": "7", "language": "C#", "avg_salary": 123497.10245183887, "survey_year": "2021"}, {"_id": {"$oid": "617cf9dc8e3c628a2c968d2c"}, "index": "8", "language": "Bash/Shell", "avg_salary": 144981.97340231726, "survey_year": "2021"}, {"_id": {"$oid": "617cf9dc8e3c628a2c968d2d"}, "index": "9", "language": "C++", "avg_salary": 118030.1136444182, "survey_year": "2021"}, {"_id": {"$oid": "617cf9dc8e3c628a2c968d2e"}, "index": "0", "language": "JavaScript", "avg_salary": 102280.80469113847, "survey_year": "2020"}, {"_id": {"$oid": "617cf9dc8e3c628a2c968d2f"}, "index": "1", "language": "HTML/CSS", "avg_salary": 100018.7772516382, "survey_year": "2020"}, {"_id": {"$oid": "617cf9dc8e3c628a2c968d30"}, "index": "2", "language": "SQL", "avg_salary": 103281.52037228542, "survey_year": "2020"}, {"_id": {"$oid": "617cf9dc8e3c628a2c968d31"}, "index": "3", "language": "Python", "avg_salary": 113061.52551862752, "survey_year": "2020"}, {"_id": {"$oid": "617cf9dc8e3c628a2c968d32"}, "index": "4", "language": "Java", "avg_salary": 105150.55702746366, "survey_year": "2020"}, {"_id": {"$oid": "617cf9dc8e3c628a2c968d33"}, "index": "5", "language": "Bash/Shell/PowerShell", "avg_salary": 123621.34345533005, "survey_year": "2020"}, {"_id": {"$oid": "617cf9dc8e3c628a2c968d34"}, "index": "6", "language": "C#", "avg_salary": 107592.11212175792, "survey_year": "2020"}, {"_id": {"$oid": "617cf9dc8e3c628a2c968d35"}, "index": "7", "language": "PHP", "avg_salary": 81937.73262032085, "survey_year": "2020"}, {"_id": {"$oid": "617cf9dc8e3c628a2c968d36"}, "index": "8", "language": "TypeScript", "avg_salary": 107735.75537040755, "survey_year": "2020"}, {"_id": {"$oid": "617cf9dc8e3c628a2c968d37"}, "index": "9", "language": "C++", "avg_salary": 111340.13526266122, "survey_year": "2020"}, {"_id": {"$oid": "617cf9dc8e3c628a2c968d38"}, "index": "0", "language": "JavaScript", "avg_salary": 127492.88098593352, "survey_year": "2019"}, {"_id": {"$oid": "617cf9dc8e3c628a2c968d39"}, "index": "1", "language": "HTML/CSS", "avg_salary": 124628.0385097057, "survey_year": "2019"}, {"_id": {"$oid": "617cf9dc8e3c628a2c968d3a"}, "index": "2", "language": "SQL", "avg_salary": 128448.33660739665, "survey_year": "2019"}, {"_id": {"$oid": "617cf9dc8e3c628a2c968d3b"}, "index": "3", "language": "Python", "avg_salary": 141269.54417216746, "survey_year": "2019"}, {"_id": {"$oid": "617cf9dc8e3c628a2c968d3c"}, "index": "4", "language": "Java", "avg_salary": 121979.8656046138, "survey_year": "2019"}, {"_id": {"$oid": "617cf9dc8e3c628a2c968d3d"}, "index": "5", "language": "Bash/Shell/PowerShell", "avg_salary": 147670.7298919018, "survey_year": "2019"}, {"_id": {"$oid": "617cf9dc8e3c628a2c968d3e"}, "index": "6", "language": "C#", "avg_salary": 131545.5018270402, "survey_year": "2019"}, {"_id": {"$oid": "617cf9dc8e3c628a2c968d3f"}, "index": "7", "language": "PHP", "avg_salary": 102961.4537263947, "survey_year": "2019"}, {"_id": {"$oid": "617cf9dc8e3c628a2c968d40"}, "index": "8", "language": "C++", "avg_salary": 129104.95508982036, "survey_year": "2019"}, {"_id": {"$oid": "617cf9dc8e3c628a2c968d41"}, "index": "9", "language": "TypeScript", "avg_salary": 133337.36770213704, "survey_year": "2019"}, {"_id": {"$oid": "617cf9dc8e3c628a2c968d42"}, "index": "0", "language": "JavaScript", "avg_salary": 97974.17145899891, "survey_year": "2018"}, {"_id": {"$oid": "617cf9dc8e3c628a2c968d43"}, "index": "1", "language": "HTML", "avg_salary": 95030.69808103668, "survey_year": "2018"}, {"_id": {"$oid": "617cf9dc8e3c628a2c968d44"}, "index": "2", "language": "CSS", "avg_salary": 95604.4886275272, "survey_year": "2018"}, {"_id": {"$oid": "617cf9dc8e3c628a2c968d45"}, "index": "3", "language": "SQL", "avg_salary": 97567.42716457607, "survey_year": "2018"}, {"_id": {"$oid": "617cf9dc8e3c628a2c968d46"}, "index": "4", "language": "Java", "avg_salary": 90282.98584624552, "survey_year": "2018"}, {"_id": {"$oid": "617cf9dc8e3c628a2c968d47"}, "index": "5", "language": "Bash/Shell", "avg_salary": 107340.89994119952, "survey_year": "2018"}, {"_id": {"$oid": "617cf9dc8e3c628a2c968d48"}, "index": "6", "language": "Python", "avg_salary": 101955.64278257047, "survey_year": "2018"}, {"_id": {"$oid": "617cf9dc8e3c628a2c968d49"}, "index": "7", "language": "C#", "avg_salary": 99185.49439274636, "survey_year": "2018"}, {"_id": {"$oid": "617cf9dc8e3c628a2c968d4a"}, "index": "8", "language": "PHP", "avg_salary": 81961.01156661786, "survey_year": "2018"}, {"_id": {"$oid": "617cf9dc8e3c628a2c968d4b"}, "index": "9", "language": "C++", "avg_salary": 90378.2715313269, "survey_year": "2018"}, {"_id": {"$oid": "617cf9dc8e3c628a2c968d4c"}, "index": "0", "language": "JavaScript", "avg_salary": 56396.92270639816, "survey_year": "2017"}, {"_id": {"$oid": "617cf9dc8e3c628a2c968d4d"}, "index": "1", "language": "SQL", "avg_salary": 55663.30820719875, "survey_year": "2017"}, {"_id": {"$oid": "617cf9dc8e3c628a2c968d4e"}, "index": "2", "language": "Java", "avg_salary": 55184.95040948789, "survey_year": "2017"}, {"_id": {"$oid": "617cf9dc8e3c628a2c968d4f"}, "index": "3", "language": "C#", "avg_salary": 58305.49989463399, "survey_year": "2017"}, {"_id": {"$oid": "617cf9dc8e3c628a2c968d50"}, "index": "4", "language": "Python", "avg_salary": 61641.073323707606, "survey_year": "2017"}, {"_id": {"$oid": "617cf9dc8e3c628a2c968d51"}, "index": "5", "language": "PHP", "avg_salary": 44780.66485359173, "survey_year": "2017"}, {"_id": {"$oid": "617cf9dc8e3c628a2c968d52"}, "index": "6", "language": "C++", "avg_salary": 58690.2627537448, "survey_year": "2017"}, {"_id": {"$oid": "617cf9dc8e3c628a2c968d53"}, "index": "7", "language": "C", "avg_salary": 56663.80076973501, "survey_year": "2017"}, {"_id": {"$oid": "617cf9dc8e3c628a2c968d54"}, "index": "8", "language": "TypeScript", "avg_salary": 59623.00895134647, "survey_year": "2017"}, {"_id": {"$oid": "617cf9dc8e3c628a2c968d55"}, "index": "9", "language": "Ruby", "avg_salary": 65581.2616907475, "survey_year": "2017"}]