[
  {
    "_id": { "$oid": "617d6579b5ecb4fefbc8909c" },
    "index": "0",
    "language": "JavaScript",
    "percentage": 64.22296528002492,
    "survey_year": "2021"
  },
  {
    "_id": { "$oid": "617d6579b5ecb4fefbc8909d" },
    "index": "1",
    "language": "HTML/CSS",
    "percentage": 55.4405014441688,
    "survey_year": "2021"
  },
  {
    "_id": { "$oid": "617d6579b5ecb4fefbc8909e" },
    "index": "2",
    "language": "Python",
    "percentage": 47.68992916981268,
    "survey_year": "2021"
  },
  {
    "_id": { "$oid": "617d6579b5ecb4fefbc8909f" },
    "index": "3",
    "language": "SQL",
    "percentage": 46.5429834969259,
    "survey_year": "2021"
  },
  {
    "_id": { "$oid": "617d6579b5ecb4fefbc890a0" },
    "index": "4",
    "language": "Java",
    "percentage": 34.95008329438272,
    "survey_year": "2021"
  },
  {
    "_id": { "$oid": "617d6579b5ecb4fefbc890a1" },
    "index": "5",
    "language": "Node.js",
    "percentage": 33.5274871462985,
    "survey_year": "2021"
  },
  {
    "_id": { "$oid": "617d6579b5ecb4fefbc890a2" },
    "index": "6",
    "language": "TypeScript",
    "percentage": 29.8529464638838,
    "survey_year": "2021"
  },
  {
    "_id": { "$oid": "617d6579b5ecb4fefbc890a3" },
    "index": "7",
    "language": "C#",
    "percentage": 27.54587183451384,
    "survey_year": "2021"
  },
  {
    "_id": { "$oid": "617d6579b5ecb4fefbc890a4" },
    "index": "8",
    "language": "Bash/Shell",
    "percentage": 26.82798211867352,
    "survey_year": "2021"
  },
  {
    "_id": { "$oid": "617d6579b5ecb4fefbc890a5" },
    "index": "9",
    "language": "C++",
    "percentage": 24.037919917544556,
    "survey_year": "2021"
  },
  {
    "_id": { "$oid": "617d6579b5ecb4fefbc890a6" },
    "index": "10",
    "language": "PHP",
    "percentage": 21.728448327520702,
    "survey_year": "2021"
  },
  {
    "_id": { "$oid": "617d6579b5ecb4fefbc890a7" },
    "index": "11",
    "language": "C",
    "percentage": 20.76846558563741,
    "survey_year": "2021"
  },
  {
    "_id": { "$oid": "617d6579b5ecb4fefbc890a8" },
    "index": "12",
    "language": "PowerShell",
    "percentage": 10.631718980332938,
    "survey_year": "2021"
  },
  {
    "_id": { "$oid": "617d6579b5ecb4fefbc890a9" },
    "index": "13",
    "language": "Go",
    "percentage": 9.442826496003068,
    "survey_year": "2021"
  },
  {
    "_id": { "$oid": "617d6579b5ecb4fefbc890aa" },
    "index": "14",
    "language": "Kotlin",
    "percentage": 8.228765924807345,
    "survey_year": "2021"
  },
  {
    "_id": { "$oid": "617d6579b5ecb4fefbc890ab" },
    "index": "15",
    "language": "Rust",
    "percentage": 6.949987415956567,
    "survey_year": "2021"
  },
  {
    "_id": { "$oid": "617d6579b5ecb4fefbc890ac" },
    "index": "16",
    "language": "Ruby",
    "percentage": 6.674336940759118,
    "survey_year": "2021"
  },
  {
    "_id": { "$oid": "617d6579b5ecb4fefbc890ad" },
    "index": "17",
    "language": "Dart",
    "percentage": 5.950454823284076,
    "survey_year": "2021"
  },
  {
    "_id": { "$oid": "617d6579b5ecb4fefbc890ae" },
    "index": "18",
    "language": "Assembly",
    "percentage": 5.551360874411246,
    "survey_year": "2021"
  },
  {
    "_id": { "$oid": "617d6579b5ecb4fefbc890af" },
    "index": "19",
    "language": "Swift",
    "percentage": 5.038411294478601,
    "survey_year": "2021"
  },
  {
    "_id": { "$oid": "617d6579b5ecb4fefbc890b0" },
    "index": "20",
    "language": "R",
    "percentage": 5.015640168266637,
    "survey_year": "2021"
  },
  {
    "_id": { "$oid": "617d6579b5ecb4fefbc890b1" },
    "index": "21",
    "language": "VBA",
    "percentage": 4.610553817759081,
    "survey_year": "2021"
  },
  {
    "_id": { "$oid": "617d6579b5ecb4fefbc890b2" },
    "index": "22",
    "language": "Matlab",
    "percentage": 4.609355337432136,
    "survey_year": "2021"
  },
  {
    "_id": { "$oid": "617d6579b5ecb4fefbc890b3" },
    "index": "23",
    "language": "Groovy",
    "percentage": 2.9710327304977286,
    "survey_year": "2021"
  },
  {
    "_id": { "$oid": "617d6579b5ecb4fefbc890b4" },
    "index": "24",
    "language": "Objective-C",
    "percentage": 2.768489555243951,
    "survey_year": "2021"
  },
  {
    "_id": { "$oid": "617d6579b5ecb4fefbc890b5" },
    "index": "25",
    "language": "Scala",
    "percentage": 2.5743357422787905,
    "survey_year": "2021"
  },
  {
    "_id": { "$oid": "617d6579b5ecb4fefbc890b6" },
    "index": "26",
    "language": "Perl",
    "percentage": 2.4305181030453387,
    "survey_year": "2021"
  },
  {
    "_id": { "$oid": "617d6579b5ecb4fefbc890b7" },
    "index": "27",
    "language": "Haskell",
    "percentage": 2.096142091827563,
    "survey_year": "2021"
  },
  {
    "_id": { "$oid": "617d6579b5ecb4fefbc890b8" },
    "index": "28",
    "language": "Delphi",
    "percentage": 2.074569445942545,
    "survey_year": "2021"
  },
  {
    "_id": { "$oid": "617d6579b5ecb4fefbc890b9" },
    "index": "29",
    "language": "Clojure",
    "percentage": 1.8600414674193124,
    "survey_year": "2021"
  },
  {
    "_id": { "$oid": "617d6579b5ecb4fefbc890ba" },
    "index": "30",
    "language": "Elixir",
    "percentage": 1.723414710147533,
    "survey_year": "2021"
  },
  {
    "_id": { "$oid": "617d6579b5ecb4fefbc890bb" },
    "index": "31",
    "language": "LISP",
    "percentage": 1.3135344383321947,
    "survey_year": "2021"
  },
  {
    "_id": { "$oid": "617d6579b5ecb4fefbc890bc" },
    "index": "32",
    "language": "Julia",
    "percentage": 1.2799769891777226,
    "survey_year": "2021"
  },
  {
    "_id": { "$oid": "617d6579b5ecb4fefbc890bd" },
    "index": "33",
    "language": "F#",
    "percentage": 0.9635781828641284,
    "survey_year": "2021"
  },
  {
    "_id": { "$oid": "617d6579b5ecb4fefbc890be" },
    "index": "34",
    "language": "Erlang",
    "percentage": 0.780210692841477,
    "survey_year": "2021"
  },
  {
    "_id": { "$oid": "617d6579b5ecb4fefbc890bf" },
    "index": "35",
    "language": "APL",
    "percentage": 0.6423854552427521,
    "survey_year": "2021"
  },
  {
    "_id": { "$oid": "617d6579b5ecb4fefbc890c0" },
    "index": "36",
    "language": "Crystal",
    "percentage": 0.5584918323565718,
    "survey_year": "2021"
  },
  {
    "_id": { "$oid": "617d6579b5ecb4fefbc890c1" },
    "index": "37",
    "language": "COBOL",
    "percentage": 0.5237359028751544,
    "survey_year": "2021"
  },
  {
    "_id": { "$oid": "617d6579b5ecb4fefbc890c2" },
    "index": "0",
    "language": "JavaScript",
    "percentage": 60.2255627433642,
    "survey_year": "2020"
  },
  {
    "_id": { "$oid": "617d6579b5ecb4fefbc890c3" },
    "index": "1",
    "language": "HTML/CSS",
    "percentage": 56.1285118133445,
    "survey_year": "2020"
  },
  {
    "_id": { "$oid": "617d6579b5ecb4fefbc890c4" },
    "index": "2",
    "language": "SQL",
    "percentage": 48.731791315679246,
    "survey_year": "2020"
  },
  {
    "_id": { "$oid": "617d6579b5ecb4fefbc890c5" },
    "index": "3",
    "language": "Python",
    "percentage": 39.2283706427142,
    "survey_year": "2020"
  },
  {
    "_id": { "$oid": "617d6579b5ecb4fefbc890c6" },
    "index": "4",
    "language": "Java",
    "percentage": 35.79528707280371,
    "survey_year": "2020"
  },
  {
    "_id": { "$oid": "617d6579b5ecb4fefbc890c7" },
    "index": "5",
    "language": "Bash/Shell/PowerShell",
    "percentage": 29.444160034749693,
    "survey_year": "2020"
  },
  {
    "_id": { "$oid": "617d6579b5ecb4fefbc890c8" },
    "index": "6",
    "language": "C#",
    "percentage": 27.987465289089524,
    "survey_year": "2020"
  },
  {
    "_id": { "$oid": "617d6579b5ecb4fefbc890c9" },
    "index": "7",
    "language": "PHP",
    "percentage": 23.280743395231223,
    "survey_year": "2020"
  },
  {
    "_id": { "$oid": "617d6579b5ecb4fefbc890ca" },
    "index": "8",
    "language": "TypeScript",
    "percentage": 22.61522470951428,
    "survey_year": "2020"
  },
  {
    "_id": { "$oid": "617d6579b5ecb4fefbc890cb" },
    "index": "9",
    "language": "C++",
    "percentage": 21.26402010517988,
    "survey_year": "2020"
  },
  {
    "_id": { "$oid": "617d6579b5ecb4fefbc890cc" },
    "index": "10",
    "language": "C",
    "percentage": 19.371402863747072,
    "survey_year": "2020"
  },
  {
    "_id": { "$oid": "617d6579b5ecb4fefbc890cd" },
    "index": "11",
    "language": "Go",
    "percentage": 7.815578411752842,
    "survey_year": "2020"
  },
  {
    "_id": { "$oid": "617d6579b5ecb4fefbc890ce" },
    "index": "12",
    "language": "Kotlin",
    "percentage": 6.9313228153457125,
    "survey_year": "2020"
  },
  {
    "_id": { "$oid": "617d6579b5ecb4fefbc890cf" },
    "index": "13",
    "language": "Ruby",
    "percentage": 6.27666340888289,
    "survey_year": "2020"
  },
  {
    "_id": { "$oid": "617d6579b5ecb4fefbc890d0" },
    "index": "14",
    "language": "Assembly",
    "percentage": 5.511859884271109,
    "survey_year": "2020"
  },
  {
    "_id": { "$oid": "617d6579b5ecb4fefbc890d1" },
    "index": "15",
    "language": "VBA",
    "percentage": 5.428088301453593,
    "survey_year": "2020"
  },
  {
    "_id": { "$oid": "617d6579b5ecb4fefbc890d2" },
    "index": "16",
    "language": "Swift",
    "percentage": 5.269853089464948,
    "survey_year": "2020"
  },
  {
    "_id": { "$oid": "617d6579b5ecb4fefbc890d3" },
    "index": "17",
    "language": "R",
    "percentage": 5.100758598222181,
    "survey_year": "2020"
  },
  {
    "_id": { "$oid": "617d6579b5ecb4fefbc890d4" },
    "index": "18",
    "language": "Rust",
    "percentage": 4.543832705046462,
    "survey_year": "2020"
  },
  {
    "_id": { "$oid": "617d6579b5ecb4fefbc890d5" },
    "index": "19",
    "language": "Objective-C",
    "percentage": 3.630101922092429,
    "survey_year": "2020"
  },
  {
    "_id": { "$oid": "617d6579b5ecb4fefbc890d6" },
    "index": "20",
    "language": "Dart",
    "percentage": 3.53702238562852,
    "survey_year": "2020"
  },
  {
    "_id": { "$oid": "617d6579b5ecb4fefbc890d7" },
    "index": "21",
    "language": "Scala",
    "percentage": 3.183320147065668,
    "survey_year": "2020"
  },
  {
    "_id": { "$oid": "617d6579b5ecb4fefbc890d8" },
    "index": "22",
    "language": "Perl",
    "percentage": 2.786180791486325,
    "survey_year": "2020"
  },
  {
    "_id": { "$oid": "617d6579b5ecb4fefbc890d9" },
    "index": "23",
    "language": "Haskell",
    "percentage": 1.895719892648268,
    "survey_year": "2020"
  },
  {
    "_id": { "$oid": "617d6579b5ecb4fefbc890da" },
    "index": "24",
    "language": "Julia",
    "percentage": 0.8051379904128078,
    "survey_year": "2020"
  },
  {
    "_id": { "$oid": "617d6579b5ecb4fefbc890db" },
    "index": "0",
    "language": "JavaScript",
    "percentage": 66.62578895851851,
    "survey_year": "2019"
  },
  {
    "_id": { "$oid": "617d6579b5ecb4fefbc890dc" },
    "index": "1",
    "language": "HTML/CSS",
    "percentage": 62.40338422420485,
    "survey_year": "2019"
  },
  {
    "_id": { "$oid": "617d6579b5ecb4fefbc890dd" },
    "index": "2",
    "language": "SQL",
    "percentage": 53.49054374852334,
    "survey_year": "2019"
  },
  {
    "_id": { "$oid": "617d6579b5ecb4fefbc890de" },
    "index": "3",
    "language": "Python",
    "percentage": 41.001091322300105,
    "survey_year": "2019"
  },
  {
    "_id": { "$oid": "617d6579b5ecb4fefbc890df" },
    "index": "4",
    "language": "Java",
    "percentage": 40.4093021162652,
    "survey_year": "2019"
  },
  {
    "_id": { "$oid": "617d6579b5ecb4fefbc890e0" },
    "index": "5",
    "language": "Bash/Shell/PowerShell",
    "percentage": 35.99225948719103,
    "survey_year": "2019"
  },
  {
    "_id": { "$oid": "617d6579b5ecb4fefbc890e1" },
    "index": "6",
    "language": "C#",
    "percentage": 30.486144707086844,
    "survey_year": "2019"
  },
  {
    "_id": { "$oid": "617d6579b5ecb4fefbc890e2" },
    "index": "7",
    "language": "PHP",
    "percentage": 25.91046656841016,
    "survey_year": "2019"
  },
  {
    "_id": { "$oid": "617d6579b5ecb4fefbc890e3" },
    "index": "8",
    "language": "C++",
    "percentage": 23.091029780722973,
    "survey_year": "2019"
  },
  {
    "_id": { "$oid": "617d6579b5ecb4fefbc890e4" },
    "index": "9",
    "language": "TypeScript",
    "percentage": 20.83975563381074,
    "survey_year": "2019"
  },
  {
    "_id": { "$oid": "617d6579b5ecb4fefbc890e5" },
    "index": "10",
    "language": "C",
    "percentage": 20.2704679184996,
    "survey_year": "2019"
  },
  {
    "_id": { "$oid": "617d6579b5ecb4fefbc890e6" },
    "index": "11",
    "language": "Other(s):",
    "percentage": 8.910590326609139,
    "survey_year": "2019"
  },
  {
    "_id": { "$oid": "617d6579b5ecb4fefbc890e7" },
    "index": "12",
    "language": "Ruby",
    "percentage": 8.247921424794393,
    "survey_year": "2019"
  },
  {
    "_id": { "$oid": "617d6579b5ecb4fefbc890e8" },
    "index": "13",
    "language": "Go",
    "percentage": 8.10166173508995,
    "survey_year": "2019"
  },
  {
    "_id": { "$oid": "617d6579b5ecb4fefbc890e9" },
    "index": "14",
    "language": "Assembly",
    "percentage": 6.562559769584735,
    "survey_year": "2019"
  },
  {
    "_id": { "$oid": "617d6579b5ecb4fefbc890ea" },
    "index": "15",
    "language": "Swift",
    "percentage": 6.462428135864001,
    "survey_year": "2019"
  },
  {
    "_id": { "$oid": "617d6579b5ecb4fefbc890eb" },
    "index": "16",
    "language": "Kotlin",
    "percentage": 6.322918893376686,
    "survey_year": "2019"
  },
  {
    "_id": { "$oid": "617d6579b5ecb4fefbc890ec" },
    "index": "17",
    "language": "R",
    "percentage": 5.679376258677137,
    "survey_year": "2019"
  },
  {
    "_id": { "$oid": "617d6579b5ecb4fefbc890ed" },
    "index": "18",
    "language": "VBA",
    "percentage": 5.378981357514936,
    "survey_year": "2019"
  },
  {
    "_id": { "$oid": "617d6579b5ecb4fefbc890ee" },
    "index": "19",
    "language": "Objective-C",
    "percentage": 4.715187381164002,
    "survey_year": "2019"
  },
  {
    "_id": { "$oid": "617d6579b5ecb4fefbc890ef" },
    "index": "20",
    "language": "Scala",
    "percentage": 3.7228716402461663,
    "survey_year": "2019"
  },
  {
    "_id": { "$oid": "617d6579b5ecb4fefbc890f0" },
    "index": "21",
    "language": "Rust",
    "percentage": 3.1434582541093348,
    "survey_year": "2019"
  },
  {
    "_id": { "$oid": "617d6579b5ecb4fefbc890f1" },
    "index": "22",
    "language": "Dart",
    "percentage": 1.8935004444044417,
    "survey_year": "2019"
  },
  {
    "_id": { "$oid": "617d6579b5ecb4fefbc890f2" },
    "index": "23",
    "language": "Elixir",
    "percentage": 1.4175939155969084,
    "survey_year": "2019"
  },
  {
    "_id": { "$oid": "617d6579b5ecb4fefbc890f3" },
    "index": "24",
    "language": "Clojure",
    "percentage": 1.41084346837978,
    "survey_year": "2019"
  },
  {
    "_id": { "$oid": "617d6579b5ecb4fefbc890f4" },
    "index": "25",
    "language": "WebAssembly",
    "percentage": 1.1419506542308429,
    "survey_year": "2019"
  },
  {
    "_id": { "$oid": "617d6579b5ecb4fefbc890f5" },
    "index": "26",
    "language": "F#",
    "percentage": 1.0946975237109458,
    "survey_year": "2019"
  },
  {
    "_id": { "$oid": "617d6579b5ecb4fefbc890f6" },
    "index": "27",
    "language": "Erlang",
    "percentage": 0.8741829146180935,
    "survey_year": "2019"
  },
  {
    "_id": { "$oid": "617d6579b5ecb4fefbc890f7" },
    "index": "0",
    "language": "JavaScript",
    "percentage": 55.319407212584096,
    "survey_year": "2018"
  },
  {
    "_id": { "$oid": "617d6579b5ecb4fefbc890f8" },
    "index": "1",
    "language": "HTML",
    "percentage": 54.2491527995549,
    "survey_year": "2018"
  },
  {
    "_id": { "$oid": "617d6579b5ecb4fefbc890f9" },
    "index": "2",
    "language": "CSS",
    "percentage": 51.5694704364979,
    "survey_year": "2018"
  },
  {
    "_id": { "$oid": "617d6579b5ecb4fefbc890fa" },
    "index": "3",
    "language": "SQL",
    "percentage": 45.18739568054221,
    "survey_year": "2018"
  },
  {
    "_id": { "$oid": "617d6579b5ecb4fefbc890fb" },
    "index": "4",
    "language": "Java",
    "percentage": 35.932426280916495,
    "survey_year": "2018"
  },
  {
    "_id": { "$oid": "617d6579b5ecb4fefbc890fc" },
    "index": "5",
    "language": "Bash/Shell",
    "percentage": 31.53305346214152,
    "survey_year": "2018"
  },
  {
    "_id": { "$oid": "617d6579b5ecb4fefbc890fd" },
    "index": "6",
    "language": "Python",
    "percentage": 30.71063679125993,
    "survey_year": "2018"
  },
  {
    "_id": { "$oid": "617d6579b5ecb4fefbc890fe" },
    "index": "7",
    "language": "C#",
    "percentage": 27.26619796671893,
    "survey_year": "2018"
  },
  {
    "_id": { "$oid": "617d6579b5ecb4fefbc890ff" },
    "index": "8",
    "language": "PHP",
    "percentage": 24.349805270345456,
    "survey_year": "2018"
  },
  {
    "_id": { "$oid": "617d6579b5ecb4fefbc89100" },
    "index": "9",
    "language": "C++",
    "percentage": 20.102169844722063,
    "survey_year": "2018"
  },
  {
    "_id": { "$oid": "617d6579b5ecb4fefbc89101" },
    "index": "10",
    "language": "C",
    "percentage": 18.250973648272723,
    "survey_year": "2018"
  },
  {
    "_id": { "$oid": "617d6579b5ecb4fefbc89102" },
    "index": "11",
    "language": "TypeScript",
    "percentage": 13.78382479389004,
    "survey_year": "2018"
  },
  {
    "_id": { "$oid": "617d6579b5ecb4fefbc89103" },
    "index": "12",
    "language": "Ruby",
    "percentage": 8.002630114814629,
    "survey_year": "2018"
  },
  {
    "_id": { "$oid": "617d6579b5ecb4fefbc89104" },
    "index": "13",
    "language": "Swift",
    "percentage": 6.383086338576703,
    "survey_year": "2018"
  },
  {
    "_id": { "$oid": "617d6579b5ecb4fefbc89105" },
    "index": "14",
    "language": "Assembly",
    "percentage": 5.826715897020889,
    "survey_year": "2018"
  },
  {
    "_id": { "$oid": "617d6579b5ecb4fefbc89106" },
    "index": "15",
    "language": "Go",
    "percentage": 5.596075059430479,
    "survey_year": "2018"
  },
  {
    "_id": { "$oid": "617d6579b5ecb4fefbc89107" },
    "index": "16",
    "language": "Objective-C",
    "percentage": 5.573820241768247,
    "survey_year": "2018"
  },
  {
    "_id": { "$oid": "617d6579b5ecb4fefbc89108" },
    "index": "17",
    "language": "VB.NET",
    "percentage": 5.31485509078954,
    "survey_year": "2018"
  },
  {
    "_id": { "$oid": "617d6579b5ecb4fefbc89109" },
    "index": "18",
    "language": "R",
    "percentage": 4.868747154923878,
    "survey_year": "2018"
  },
  {
    "_id": { "$oid": "617d6579b5ecb4fefbc8910a" },
    "index": "19",
    "language": "Matlab",
    "percentage": 4.616863082292246,
    "survey_year": "2018"
  },
  {
    "_id": { "$oid": "617d6579b5ecb4fefbc8910b" },
    "index": "20",
    "language": "VBA",
    "percentage": 3.854129786050276,
    "survey_year": "2018"
  },
  {
    "_id": { "$oid": "617d6579b5ecb4fefbc8910c" },
    "index": "21",
    "language": "Kotlin",
    "percentage": 3.548631834505083,
    "survey_year": "2018"
  },
  {
    "_id": { "$oid": "617d6579b5ecb4fefbc8910d" },
    "index": "22",
    "language": "Scala",
    "percentage": 3.459612563856153,
    "survey_year": "2018"
  },
  {
    "_id": { "$oid": "617d6579b5ecb4fefbc8910e" },
    "index": "23",
    "language": "Groovy",
    "percentage": 3.412068180668656,
    "survey_year": "2018"
  },
  {
    "_id": { "$oid": "617d6579b5ecb4fefbc8910f" },
    "index": "24",
    "language": "Perl",
    "percentage": 3.317990996914673,
    "survey_year": "2018"
  },
  {
    "_id": { "$oid": "617d6579b5ecb4fefbc89110" },
    "index": "25",
    "language": "Visual Basic 6",
    "percentage": 3.1227555510596328,
    "survey_year": "2018"
  },
  {
    "_id": { "$oid": "617d6579b5ecb4fefbc89111" },
    "index": "26",
    "language": "Lua",
    "percentage": 2.7646553032218906,
    "survey_year": "2018"
  },
  {
    "_id": { "$oid": "617d6579b5ecb4fefbc89112" },
    "index": "27",
    "language": "CoffeeScript",
    "percentage": 2.633149562490517,
    "survey_year": "2018"
  },
  {
    "_id": { "$oid": "617d6579b5ecb4fefbc89113" },
    "index": "28",
    "language": "Delphi/Object Pascal",
    "percentage": 2.048454807546406,
    "survey_year": "2018"
  },
  {
    "_id": { "$oid": "617d6579b5ecb4fefbc89114" },
    "index": "29",
    "language": "Haskell",
    "percentage": 1.98371351980173,
    "survey_year": "2018"
  },
  {
    "_id": { "$oid": "617d6579b5ecb4fefbc89115" },
    "index": "30",
    "language": "Rust",
    "percentage": 1.8785089272166304,
    "survey_year": "2018"
  },
  {
    "_id": { "$oid": "617d6579b5ecb4fefbc89116" },
    "index": "31",
    "language": "F#",
    "percentage": 1.1279146224267866,
    "survey_year": "2018"
  },
  {
    "_id": { "$oid": "617d6579b5ecb4fefbc89117" },
    "index": "32",
    "language": "Clojure",
    "percentage": 1.0439532648829093,
    "survey_year": "2018"
  },
  {
    "_id": { "$oid": "617d6579b5ecb4fefbc89118" },
    "index": "33",
    "language": "Erlang",
    "percentage": 0.8962622022153659,
    "survey_year": "2018"
  },
  {
    "_id": { "$oid": "617d6579b5ecb4fefbc89119" },
    "index": "34",
    "language": "Cobol",
    "percentage": 0.5968337463962369,
    "survey_year": "2018"
  },
  {
    "_id": { "$oid": "617d6579b5ecb4fefbc8911a" },
    "index": "35",
    "language": "Ocaml",
    "percentage": 0.4754438318749683,
    "survey_year": "2018"
  },
  {
    "_id": { "$oid": "617d6579b5ecb4fefbc8911b" },
    "index": "36",
    "language": "Julia",
    "percentage": 0.4349805270345455,
    "survey_year": "2018"
  },
  {
    "_id": { "$oid": "617d6579b5ecb4fefbc8911c" },
    "index": "37",
    "language": "Hack",
    "percentage": 0.256941985736685,
    "survey_year": "2018"
  },
  {
    "_id": { "$oid": "617d6579b5ecb4fefbc8911d" },
    "index": "0",
    "language": "JavaScript",
    "percentage": 44.51081880448319,
    "survey_year": "2017"
  },
  {
    "_id": { "$oid": "617d6579b5ecb4fefbc8911e" },
    "index": "1",
    "language": "SQL",
    "percentage": 36.492061021170606,
    "survey_year": "2017"
  },
  {
    "_id": { "$oid": "617d6579b5ecb4fefbc8911f" },
    "index": "2",
    "language": "Java",
    "percentage": 28.26120797011208,
    "survey_year": "2017"
  },
  {
    "_id": { "$oid": "617d6579b5ecb4fefbc89120" },
    "index": "3",
    "language": "C#",
    "percentage": 24.27615193026152,
    "survey_year": "2017"
  },
  {
    "_id": { "$oid": "617d6579b5ecb4fefbc89121" },
    "index": "4",
    "language": "Python",
    "percentage": 22.773972602739725,
    "survey_year": "2017"
  },
  {
    "_id": { "$oid": "617d6579b5ecb4fefbc89122" },
    "index": "5",
    "language": "PHP",
    "percentage": 20.02257160647572,
    "survey_year": "2017"
  },
  {
    "_id": { "$oid": "617d6579b5ecb4fefbc89123" },
    "index": "6",
    "language": "C++",
    "percentage": 15.868228518057284,
    "survey_year": "2017"
  },
  {
    "_id": { "$oid": "617d6579b5ecb4fefbc89124" },
    "index": "7",
    "language": "C",
    "percentage": 13.570205479452056,
    "survey_year": "2017"
  },
  {
    "_id": { "$oid": "617d6579b5ecb4fefbc89125" },
    "index": "8",
    "language": "TypeScript",
    "percentage": 6.787048567870485,
    "survey_year": "2017"
  },
  {
    "_id": { "$oid": "617d6579b5ecb4fefbc89126" },
    "index": "9",
    "language": "Ruby",
    "percentage": 6.467932752179327,
    "survey_year": "2017"
  },
  {
    "_id": { "$oid": "617d6579b5ecb4fefbc89127" },
    "index": "10",
    "language": "Swift",
    "percentage": 4.60772104607721,
    "survey_year": "2017"
  },
  {
    "_id": { "$oid": "617d6579b5ecb4fefbc89128" },
    "index": "11",
    "language": "Objective-C",
    "percentage": 4.570750311332503,
    "survey_year": "2017"
  },
  {
    "_id": { "$oid": "617d6579b5ecb4fefbc89129" },
    "index": "12",
    "language": "VB.NET",
    "percentage": 4.422867372353674,
    "survey_year": "2017"
  },
  {
    "_id": { "$oid": "617d6579b5ecb4fefbc8912a" },
    "index": "13",
    "language": "Assembly",
    "percentage": 3.547244707347448,
    "survey_year": "2017"
  },
  {
    "_id": { "$oid": "617d6579b5ecb4fefbc8912b" },
    "index": "14",
    "language": "R",
    "percentage": 3.179483188044832,
    "survey_year": "2017"
  },
  {
    "_id": { "$oid": "617d6579b5ecb4fefbc8912c" },
    "index": "15",
    "language": "Perl",
    "percentage": 3.084137608966376,
    "survey_year": "2017"
  },
  {
    "_id": { "$oid": "617d6579b5ecb4fefbc8912d" },
    "index": "16",
    "language": "VBA",
    "percentage": 3.062733499377335,
    "survey_year": "2017"
  },
  {
    "_id": { "$oid": "617d6579b5ecb4fefbc8912e" },
    "index": "17",
    "language": "Matlab",
    "percentage": 3.0530043586550435,
    "survey_year": "2017"
  },
  {
    "_id": { "$oid": "617d6579b5ecb4fefbc8912f" },
    "index": "18",
    "language": "Go",
    "percentage": 3.029654420921544,
    "survey_year": "2017"
  },
  {
    "_id": { "$oid": "617d6579b5ecb4fefbc89130" },
    "index": "19",
    "language": "Scala",
    "percentage": 2.5470890410958904,
    "survey_year": "2017"
  },
  {
    "_id": { "$oid": "617d6579b5ecb4fefbc89131" },
    "index": "20",
    "language": "Groovy",
    "percentage": 2.3213729763387296,
    "survey_year": "2017"
  },
  {
    "_id": { "$oid": "617d6579b5ecb4fefbc89132" },
    "index": "21",
    "language": "CoffeeScript",
    "percentage": 2.319427148194271,
    "survey_year": "2017"
  },
  {
    "_id": { "$oid": "617d6579b5ecb4fefbc89133" },
    "index": "22",
    "language": "VisualBasic6",
    "percentage": 2.08398194271482,
    "survey_year": "2017"
  },
  {
    "_id": { "$oid": "617d6579b5ecb4fefbc89134" },
    "index": "23",
    "language": "Lua",
    "percentage": 2.0217154420921544,
    "survey_year": "2017"
  },
  {
    "_id": { "$oid": "617d6579b5ecb4fefbc89135" },
    "index": "24",
    "language": "Haskell",
    "percentage": 1.2628424657534247,
    "survey_year": "2017"
  },
  {
    "_id": { "$oid": "617d6579b5ecb4fefbc89136" },
    "index": "25",
    "language": "F#",
    "percentage": 0.8892434620174348,
    "survey_year": "2017"
  },
  {
    "_id": { "$oid": "617d6579b5ecb4fefbc89137" },
    "index": "26",
    "language": "Rust",
    "percentage": 0.809464508094645,
    "survey_year": "2017"
  },
  {
    "_id": { "$oid": "617d6579b5ecb4fefbc89138" },
    "index": "27",
    "language": "Clojure",
    "percentage": 0.7608188044831881,
    "survey_year": "2017"
  },
  {
    "_id": { "$oid": "617d6579b5ecb4fefbc89139" },
    "index": "28",
    "language": "Elixir",
    "percentage": 0.7394146948941469,
    "survey_year": "2017"
  },
  {
    "_id": { "$oid": "617d6579b5ecb4fefbc8913a" },
    "index": "29",
    "language": "Smalltalk",
    "percentage": 0.6362858032378581,
    "survey_year": "2017"
  },
  {
    "_id": { "$oid": "617d6579b5ecb4fefbc8913b" },
    "index": "30",
    "language": "Erlang",
    "percentage": 0.5467777085927771,
    "survey_year": "2017"
  },
  {
    "_id": { "$oid": "617d6579b5ecb4fefbc8913c" },
    "index": "31",
    "language": "CommonLisp",
    "percentage": 0.5312110834371109,
    "survey_year": "2017"
  },
  {
    "_id": { "$oid": "617d6579b5ecb4fefbc8913d" },
    "index": "32",
    "language": "Dart",
    "percentage": 0.2821450809464508,
    "survey_year": "2017"
  },
  {
    "_id": { "$oid": "617d6579b5ecb4fefbc8913e" },
    "index": "33",
    "language": "Julia",
    "percentage": 0.2685242839352428,
    "survey_year": "2017"
  },
  {
    "_id": { "$oid": "617d6579b5ecb4fefbc8913f" },
    "index": "34",
    "language": "Hack",
    "percentage": 0.2082036114570361,
    "survey_year": "2017"
  },
  {
    "_id": { "$oid": "617d6579b5ecb4fefbc89140" },
    "index": "0",
    "language": "JavaScript",
    "percentage": 56.48274948093829,
    "survey_year": "2016"
  },
  {
    "_id": { "$oid": "617d6579b5ecb4fefbc89141" },
    "index": "1",
    "language": "SQL",
    "percentage": 45.23567610549101,
    "survey_year": "2016"
  },
  {
    "_id": { "$oid": "617d6579b5ecb4fefbc89142" },
    "index": "2",
    "language": "Java",
    "percentage": 36.20621107037152,
    "survey_year": "2016"
  },
  {
    "_id": { "$oid": "617d6579b5ecb4fefbc89143" },
    "index": "3",
    "language": "C#",
    "percentage": 31.388876617926403,
    "survey_year": "2016"
  },
  {
    "_id": { "$oid": "617d6579b5ecb4fefbc89144" },
    "index": "4",
    "language": "PHP",
    "percentage": 26.200468259928435,
    "survey_year": "2016"
  },
  {
    "_id": { "$oid": "617d6579b5ecb4fefbc89145" },
    "index": "5",
    "language": "Python",
    "percentage": 24.892874497504085,
    "survey_year": "2016"
  },
  {
    "_id": { "$oid": "617d6579b5ecb4fefbc89146" },
    "index": "6",
    "language": "SQLServer",
    "percentage": 19.29363431550117,
    "survey_year": "2016"
  },
  {
    "_id": { "$oid": "617d6579b5ecb4fefbc89147" },
    "index": "7",
    "language": "C++",
    "percentage": 19.08380085700402,
    "survey_year": "2016"
  },
  {
    "_id": { "$oid": "617d6579b5ecb4fefbc89148" },
    "index": "8",
    "language": "AngularJS",
    "percentage": 18.39466360383443,
    "survey_year": "2016"
  },
  {
    "_id": { "$oid": "617d6579b5ecb4fefbc89149" },
    "index": "9",
    "language": "Node.js",
    "percentage": 17.659142112470732,
    "survey_year": "2016"
  },
  {
    "_id": { "$oid": "617d6579b5ecb4fefbc8914a" },
    "index": "10",
    "language": "Android",
    "percentage": 17.413968282016167,
    "survey_year": "2016"
  },
  {
    "_id": { "$oid": "617d6579b5ecb4fefbc8914b" },
    "index": "11",
    "language": "C",
    "percentage": 15.216238900914432,
    "survey_year": "2016"
  },
  {
    "_id": { "$oid": "617d6579b5ecb4fefbc8914c" },
    "index": "12",
    "language": "LAMP",
    "percentage": 10.052127048637187,
    "survey_year": "2016"
  },
  {
    "_id": { "$oid": "617d6579b5ecb4fefbc8914d" },
    "index": "13",
    "language": "MongoDB",
    "percentage": 9.93506206652825,
    "survey_year": "2016"
  },
  {
    "_id": { "$oid": "617d6579b5ecb4fefbc8914e" },
    "index": "14",
    "language": "Cloud(AWS,GAE,Azure,etc.)",
    "percentage": 9.76719529973053,
    "survey_year": "2016"
  },
  {
    "_id": { "$oid": "617d6579b5ecb4fefbc8914f" },
    "index": "15",
    "language": "iOS",
    "percentage": 9.398330167425012,
    "survey_year": "2016"
  },
  {
    "_id": { "$oid": "617d6579b5ecb4fefbc89150" },
    "index": "16",
    "language": "WordPress",
    "percentage": 9.349737155983568,
    "survey_year": "2016"
  },
  {
    "_id": { "$oid": "617d6579b5ecb4fefbc89151" },
    "index": "17",
    "language": "Ruby",
    "percentage": 9.18849670892786,
    "survey_year": "2016"
  },
  {
    "_id": { "$oid": "617d6579b5ecb4fefbc89152" },
    "index": "18",
    "language": "Arduino/RaspberryPi",
    "percentage": 7.710827406458454,
    "survey_year": "2016"
  },
  {
    "_id": { "$oid": "617d6579b5ecb4fefbc89153" },
    "index": "19",
    "language": "VisualBasic",
    "percentage": 6.798604055307682,
    "survey_year": "2016"
  },
  {
    "_id": { "$oid": "617d6579b5ecb4fefbc89154" },
    "index": "20",
    "language": "Objective-C",
    "percentage": 6.73013208464019,
    "survey_year": "2016"
  },
  {
    "_id": { "$oid": "617d6579b5ecb4fefbc89155" },
    "index": "21",
    "language": "Redis",
    "percentage": 6.032159738481248,
    "survey_year": "2016"
  },
  {
    "_id": { "$oid": "617d6579b5ecb4fefbc89156" },
    "index": "22",
    "language": "Swift",
    "percentage": 5.769315722047975,
    "survey_year": "2016"
  },
  {
    "_id": { "$oid": "617d6579b5ecb4fefbc89157" },
    "index": "23",
    "language": "ReactJS",
    "percentage": 5.336396165569643,
    "survey_year": "2016"
  },
  {
    "_id": { "$oid": "617d6579b5ecb4fefbc89158" },
    "index": "24",
    "language": "CoffeeScript",
    "percentage": 3.505323143526086,
    "survey_year": "2016"
  },
  {
    "_id": { "$oid": "617d6579b5ecb4fefbc89159" },
    "index": "25",
    "language": "Cordova",
    "percentage": 3.419180986879887,
    "survey_year": "2016"
  },
  {
    "_id": { "$oid": "617d6579b5ecb4fefbc8915a" },
    "index": "26",
    "language": "Scala",
    "percentage": 3.3308300569863496,
    "survey_year": "2016"
  },
  {
    "_id": { "$oid": "617d6579b5ecb4fefbc8915b" },
    "index": "27",
    "language": "R",
    "percentage": 3.319786190749657,
    "survey_year": "2016"
  },
  {
    "_id": { "$oid": "617d6579b5ecb4fefbc8915c" },
    "index": "28",
    "language": "Perl",
    "percentage": 3.3043247780182887,
    "survey_year": "2016"
  },
  {
    "_id": { "$oid": "617d6579b5ecb4fefbc8915d" },
    "index": "29",
    "language": "Go",
    "percentage": 3.198303662146044,
    "survey_year": "2016"
  },
  {
    "_id": { "$oid": "617d6579b5ecb4fefbc8915e" },
    "index": "30",
    "language": "Matlab",
    "percentage": 3.1872597959093523,
    "survey_year": "2016"
  },
  {
    "_id": { "$oid": "617d6579b5ecb4fefbc8915f" },
    "index": "31",
    "language": "WindowsPhone",
    "percentage": 2.3147943632106727,
    "survey_year": "2016"
  },
  {
    "_id": { "$oid": "617d6579b5ecb4fefbc89160" },
    "index": "32",
    "language": "Hadoop",
    "percentage": 2.0806643989927998,
    "survey_year": "2016"
  },
  {
    "_id": { "$oid": "617d6579b5ecb4fefbc89161" },
    "index": "33",
    "language": "SharePoint",
    "percentage": 1.7979414233334805,
    "survey_year": "2016"
  },
  {
    "_id": { "$oid": "617d6579b5ecb4fefbc89162" },
    "index": "34",
    "language": "Haskell",
    "percentage": 1.6212395635464063,
    "survey_year": "2016"
  },
  {
    "_id": { "$oid": "617d6579b5ecb4fefbc89163" },
    "index": "35",
    "language": "Spark",
    "percentage": 1.4622078897380395,
    "survey_year": "2016"
  },
  {
    "_id": { "$oid": "617d6579b5ecb4fefbc89164" },
    "index": "36",
    "language": "Salesforce",
    "percentage": 1.3782745063391793,
    "survey_year": "2016"
  },
  {
    "_id": { "$oid": "617d6579b5ecb4fefbc89165" },
    "index": "37",
    "language": "Cassandra",
    "percentage": 1.3760657330918409,
    "survey_year": "2016"
  },
  {
    "_id": { "$oid": "617d6579b5ecb4fefbc89166" },
    "index": "38",
    "language": "Clojure",
    "percentage": 1.155188408357998,
    "survey_year": "2016"
  },
  {
    "_id": { "$oid": "617d6579b5ecb4fefbc89167" },
    "index": "39",
    "language": "F#",
    "percentage": 1.0138269205283386,
    "survey_year": "2016"
  },
  {
    "_id": { "$oid": "617d6579b5ecb4fefbc89168" },
    "index": "40",
    "language": "Rust",
    "percentage": 0.8967619384194018,
    "survey_year": "2016"
  },
  {
    "_id": { "$oid": "617d6579b5ecb4fefbc89169" },
    "index": "41",
    "language": "Dart",
    "percentage": 0.4505897424570393,
    "survey_year": "2016"
  },
  {
    "_id": { "$oid": "617d6579b5ecb4fefbc8916a" },
    "index": "0",
    "language": "JavaScript",
    "percentage": 49.49627109773649,
    "survey_year": "2014"
  },
  {
    "_id": { "$oid": "617d6579b5ecb4fefbc8916b" },
    "index": "1",
    "language": "SQL",
    "percentage": 45.36176893889834,
    "survey_year": "2014"
  },
  {
    "_id": { "$oid": "617d6579b5ecb4fefbc8916c" },
    "index": "2",
    "language": "Java",
    "percentage": 32.43490775873348,
    "survey_year": "2014"
  },
  {
    "_id": { "$oid": "617d6579b5ecb4fefbc8916d" },
    "index": "3",
    "language": "C#",
    "percentage": 31.113437132016227,
    "survey_year": "2014"
  },
  {
    "_id": { "$oid": "617d6579b5ecb4fefbc8916e" },
    "index": "4",
    "language": "PHP",
    "percentage": 22.37341358105456,
    "survey_year": "2014"
  },
  {
    "_id": { "$oid": "617d6579b5ecb4fefbc8916f" },
    "index": "5",
    "language": "Python",
    "percentage": 19.272536961925944,
    "survey_year": "2014"
  },
  {
    "_id": { "$oid": "617d6579b5ecb4fefbc89170" },
    "index": "6",
    "language": "C++",
    "percentage": 18.552924244406647,
    "survey_year": "2014"
  },
  {
    "_id": { "$oid": "617d6579b5ecb4fefbc89171" },
    "index": "7",
    "language": "C",
    "percentage": 15.360460552139212,
    "survey_year": "2014"
  },
  {
    "_id": { "$oid": "617d6579b5ecb4fefbc89172" },
    "index": "8",
    "language": "Objective-C",
    "percentage": 8.831610624100485,
    "survey_year": "2014"
  },
  {
    "_id": { "$oid": "617d6579b5ecb4fefbc89173" },
    "index": "9",
    "language": "Node.js",
    "percentage": 8.386759125997646,
    "survey_year": "2014"
  },
  {
    "_id": { "$oid": "617d6579b5ecb4fefbc89174" },
    "index": "10",
    "language": "Ruby",
    "percentage": 7.758733481617167,
    "survey_year": "2014"
  },
  {
    "_id": { "$oid": "617d6579b5ecb4fefbc89175" },
    "index": "0",
    "language": "JavaScript",
    "percentage": 48.60398275508109,
    "survey_year": "2013"
  },
  {
    "_id": { "$oid": "617d6579b5ecb4fefbc89176" },
    "index": "1",
    "language": "SQL",
    "percentage": 47.14637651406282,
    "survey_year": "2013"
  },
  {
    "_id": { "$oid": "617d6579b5ecb4fefbc89177" },
    "index": "2",
    "language": "jQuery",
    "percentage": 42.17819749538083,
    "survey_year": "2013"
  },
  {
    "_id": { "$oid": "617d6579b5ecb4fefbc89178" },
    "index": "3",
    "language": "C#",
    "percentage": 31.07164853212893,
    "survey_year": "2013"
  },
  {
    "_id": { "$oid": "617d6579b5ecb4fefbc89179" },
    "index": "4",
    "language": "Java",
    "percentage": 30.999794703346332,
    "survey_year": "2013"
  },
  {
    "_id": { "$oid": "617d6579b5ecb4fefbc8917a" },
    "index": "5",
    "language": "PHP",
    "percentage": 23.85547115582016,
    "survey_year": "2013"
  },
  {
    "_id": { "$oid": "617d6579b5ecb4fefbc8917b" },
    "index": "6",
    "language": "Python",
    "percentage": 19.29788544446725,
    "survey_year": "2013"
  },
  {
    "_id": { "$oid": "617d6579b5ecb4fefbc8917c" },
    "index": "7",
    "language": "C++",
    "percentage": 17.40915623075344,
    "survey_year": "2013"
  },
  {
    "_id": { "$oid": "617d6579b5ecb4fefbc8917d" },
    "index": "8",
    "language": "C",
    "percentage": 14.740299733114352,
    "survey_year": "2013"
  },
  {
    "_id": { "$oid": "617d6579b5ecb4fefbc8917e" },
    "index": "9",
    "language": "Objective-C",
    "percentage": 9.802915212482038,
    "survey_year": "2013"
  },
  {
    "_id": { "$oid": "617d6579b5ecb4fefbc8917f" },
    "index": "10",
    "language": "Ruby",
    "percentage": 8.150277150482447,
    "survey_year": "2013"
  },
  {
    "_id": { "$oid": "617d6579b5ecb4fefbc89180" },
    "index": "11",
    "language": "Node.js",
    "percentage": 6.148634777253131,
    "survey_year": "2013"
  },
  {
    "_id": { "$oid": "617d6579b5ecb4fefbc89181" },
    "index": "12",
    "language": "JQuery",
    "percentage": 2.453295011291316,
    "survey_year": "2013"
  },
  {
    "_id": { "$oid": "617d6579b5ecb4fefbc89182" },
    "index": "0",
    "language": "SQL",
    "percentage": 52.76309466602594,
    "survey_year": "2012"
  },
  {
    "_id": { "$oid": "617d6579b5ecb4fefbc89183" },
    "index": "1",
    "language": "JavaScript",
    "percentage": 50.08809867051097,
    "survey_year": "2012"
  },
  {
    "_id": { "$oid": "617d6579b5ecb4fefbc89184" },
    "index": "2",
    "language": "CSS",
    "percentage": 45.234662822361045,
    "survey_year": "2012"
  },
  {
    "_id": { "$oid": "617d6579b5ecb4fefbc89185" },
    "index": "3",
    "language": "C#",
    "percentage": 39.532276149287206,
    "survey_year": "2012"
  },
  {
    "_id": { "$oid": "617d6579b5ecb4fefbc89186" },
    "index": "4",
    "language": "Java",
    "percentage": 37.61012333813872,
    "survey_year": "2012"
  },
  {
    "_id": { "$oid": "617d6579b5ecb4fefbc89187" },
    "index": "5",
    "language": "HTML5",
    "percentage": 34.50264296011533,
    "survey_year": "2012"
  },
  {
    "_id": { "$oid": "617d6579b5ecb4fefbc89188" },
    "index": "6",
    "language": "PHP",
    "percentage": 30.834534678840303,
    "survey_year": "2012"
  },
  {
    "_id": { "$oid": "617d6579b5ecb4fefbc89189" },
    "index": "7",
    "language": "C++",
    "percentage": 24.443376581771584,
    "survey_year": "2012"
  },
  {
    "_id": { "$oid": "617d6579b5ecb4fefbc8918a" },
    "index": "8",
    "language": "C",
    "percentage": 23.770623097869613,
    "survey_year": "2012"
  },
  {
    "_id": { "$oid": "617d6579b5ecb4fefbc8918b" },
    "index": "9",
    "language": "Python",
    "percentage": 19.381707512413904,
    "survey_year": "2012"
  },
  {
    "_id": { "$oid": "617d6579b5ecb4fefbc8918c" },
    "index": "10",
    "language": "Objective-C",
    "percentage": 9.690853756206952,
    "survey_year": "2012"
  },
  {
    "_id": { "$oid": "617d6579b5ecb4fefbc8918d" },
    "index": "11",
    "language": "Ruby",
    "percentage": 9.24235143360564,
    "survey_year": "2012"
  },
  {
    "_id": { "$oid": "617d6579b5ecb4fefbc8918e" },
    "index": "12",
    "language": "Perl",
    "percentage": 7.384270382828769,
    "survey_year": "2012"
  },
  {
    "_id": { "$oid": "617d6579b5ecb4fefbc8918f" },
    "index": "13",
    "language": "None",
    "percentage": 0.0800897004645202,
    "survey_year": "2012"
  },
  {
    "_id": { "$oid": "617d6579b5ecb4fefbc89190" },
    "index": "0",
    "language": "SQL",
    "percentage": 57.34091717028084,
    "survey_year": "2011"
  },
  {
    "_id": { "$oid": "617d6579b5ecb4fefbc89191" },
    "index": "1",
    "language": "JavaScript",
    "percentage": 50.4443654461429,
    "survey_year": "2011"
  },
  {
    "_id": { "$oid": "617d6579b5ecb4fefbc89192" },
    "index": "2",
    "language": "CSS",
    "percentage": 48.20476359758265,
    "survey_year": "2011"
  },
  {
    "_id": { "$oid": "617d6579b5ecb4fefbc89193" },
    "index": "3",
    "language": "C#",
    "percentage": 48.062566654816926,
    "survey_year": "2011"
  },
  {
    "_id": { "$oid": "617d6579b5ecb4fefbc89194" },
    "index": "4",
    "language": "Java",
    "percentage": 30.6078919303235,
    "survey_year": "2011"
  },
  {
    "_id": { "$oid": "617d6579b5ecb4fefbc89195" },
    "index": "5",
    "language": "PHP",
    "percentage": 28.01279772484892,
    "survey_year": "2011"
  },
  {
    "_id": { "$oid": "617d6579b5ecb4fefbc89196" },
    "index": "6",
    "language": "C",
    "percentage": 26.34198364735158,
    "survey_year": "2011"
  },
  {
    "_id": { "$oid": "617d6579b5ecb4fefbc89197" },
    "index": "7",
    "language": "C++",
    "percentage": 26.306434411660156,
    "survey_year": "2011"
  },
  {
    "_id": { "$oid": "617d6579b5ecb4fefbc89198" },
    "index": "8",
    "language": "Python",
    "percentage": 20.440810522573766,
    "survey_year": "2011"
  },
  {
    "_id": { "$oid": "617d6579b5ecb4fefbc89199" },
    "index": "9",
    "language": "Ruby",
    "percentage": 10.131532172058302,
    "survey_year": "2011"
  },
  {
    "_id": { "$oid": "617d6579b5ecb4fefbc8919a" },
    "index": "10",
    "language": "Perl",
    "percentage": 10.095982936366868,
    "survey_year": "2011"
  },
  {
    "_id": { "$oid": "617d6579b5ecb4fefbc8919b" },
    "index": "0",
    "language": "JavaScript",
    "percentage": 45.85601472053975,
    "survey_year": "2015"
  },
  {
    "_id": { "$oid": "617d6579b5ecb4fefbc8919c" },
    "index": "1",
    "language": "SQL",
    "percentage": 36.18416008586981,
    "survey_year": "2015"
  },
  {
    "_id": { "$oid": "617d6579b5ecb4fefbc8919d" },
    "index": "2",
    "language": "Java",
    "percentage": 31.50732193513762,
    "survey_year": "2015"
  },
  {
    "_id": { "$oid": "617d6579b5ecb4fefbc8919e" },
    "index": "3",
    "language": "C#",
    "percentage": 26.63881008970329,
    "survey_year": "2015"
  },
  {
    "_id": { "$oid": "617d6579b5ecb4fefbc8919f" },
    "index": "4",
    "language": "PHP",
    "percentage": 25.028751054205323,
    "survey_year": "2015"
  },
  {
    "_id": { "$oid": "617d6579b5ecb4fefbc891a0" },
    "index": "5",
    "language": "Python",
    "percentage": 20.07973625699609,
    "survey_year": "2015"
  },
  {
    "_id": { "$oid": "617d6579b5ecb4fefbc891a1" },
    "index": "6",
    "language": "C++",
    "percentage": 17.361803266119757,
    "survey_year": "2015"
  },
  {
    "_id": { "$oid": "617d6579b5ecb4fefbc891a2" },
    "index": "7",
    "language": "C",
    "percentage": 13.846507705282528,
    "survey_year": "2015"
  },
  {
    "_id": { "$oid": "617d6579b5ecb4fefbc891a3" },
    "index": "8",
    "language": "Node.js",
    "percentage": 11.18991029671088,
    "survey_year": "2015"
  },
  {
    "_id": { "$oid": "617d6579b5ecb4fefbc891a4" },
    "index": "9",
    "language": "AngularJS",
    "percentage": 11.166909453346625,
    "survey_year": "2015"
  },
  {
    "_id": { "$oid": "617d6579b5ecb4fefbc891a5" },
    "index": "10",
    "language": "C++11",
    "percentage": 7.095760177873189,
    "survey_year": "2015"
  },
  {
    "_id": { "$oid": "617d6579b5ecb4fefbc891a6" },
    "index": "11",
    "language": "Ruby",
    "percentage": 6.7660814229855095,
    "survey_year": "2015"
  },
  {
    "_id": { "$oid": "617d6579b5ecb4fefbc891a7" },
    "index": "12",
    "language": "Matlab",
    "percentage": 3.296787548876792,
    "survey_year": "2015"
  },
  {
    "_id": { "$oid": "617d6579b5ecb4fefbc891a8" },
    "index": "13",
    "language": "CoffeeScript",
    "percentage": 3.001610059035498,
    "survey_year": "2015"
  },
  {
    "_id": { "$oid": "617d6579b5ecb4fefbc891a9" },
    "index": "14",
    "language": "Swift",
    "percentage": 2.909606685578471,
    "survey_year": "2015"
  },
  {
    "_id": { "$oid": "617d6579b5ecb4fefbc891aa" },
    "index": "15",
    "language": "R",
    "percentage": 2.8942727900023,
    "survey_year": "2015"
  },
  {
    "_id": { "$oid": "617d6579b5ecb4fefbc891ab" },
    "index": "16",
    "language": "Perl",
    "percentage": 2.829103733803573,
    "survey_year": "2015"
  },
  {
    "_id": { "$oid": "617d6579b5ecb4fefbc891ac" },
    "index": "17",
    "language": "Scala",
    "percentage": 2.0624089549950164,
    "survey_year": "2015"
  },
  {
    "_id": { "$oid": "617d6579b5ecb4fefbc891ad" },
    "index": "18",
    "language": "Go",
    "percentage": 1.7710649390477653,
    "survey_year": "2015"
  },
  {
    "_id": { "$oid": "617d6579b5ecb4fefbc891ae" },
    "index": "19",
    "language": "Cassandra",
    "percentage": 0.7743617265966418,
    "survey_year": "2015"
  },
  {
    "_id": { "$oid": "617d6579b5ecb4fefbc891af" },
    "index": "20",
    "language": "Clojure",
    "percentage": 0.6746914053515295,
    "survey_year": "2015"
  },
  {
    "_id": { "$oid": "617d6579b5ecb4fefbc891b0" },
    "index": "21",
    "language": "F#",
    "percentage": 0.667024457563444,
    "survey_year": "2015"
  },
  {
    "_id": { "$oid": "617d6579b5ecb4fefbc891b1" },
    "index": "22",
    "language": "Dart",
    "percentage": 0.4178486544506632,
    "survey_year": "2015"
  },
  {
    "_id": { "$oid": "617d6579b5ecb4fefbc891b2" },
    "index": "23",
    "language": "Rust",
    "percentage": 0.3948478110864065,
    "survey_year": "2015"
  },
  {
    "_id": { "$oid": "617d6579b5ecb4fefbc891b3" },
    "index": "24",
    "language": "Heskell",
    "percentage": 0,
    "survey_year": "2015"
  },
  {
    "_id": { "$oid": "617d6579b5ecb4fefbc891b4" },
    "index": "25",
    "language": "Objective-c",
    "percentage": 0,
    "survey_year": "2015"
  },
  {
    "_id": { "$oid": "617d6579b5ecb4fefbc891b5" },
    "index": "26",
    "language": "Visual BAsic",
    "percentage": 0,
    "survey_year": "2015"
  }
]
